Workbook

Sheet Capabilities
A1: CapabilitiesId | B1: Name | C1: Description | D1: Tier | E1: Weight
A2: memory | B2: =A2 -> memory | C2: Storing, retaining, and recalling information across time. | D2: foundational | E2: 1
A3: perception | B3: =A3 -> perception | C3: Sensing the environment and interpreting raw input into structure. | D3: foundational | E3: 1
A4: reasoning | B4: =A4 -> reasoning | C4: Inference, deduction, and structured problem-solving. | D4: composite | E4: 1.3
A5: creativity | B5: =A5 -> creativity | C5: Novel synthesis, divergent thinking, and open-ended generation. | D5: emergent | E5: 1.5

Sheet Intelligences
A1: IntelligencesId | B1: Name | C1: Description | D1: Substrate | E1: AssessmentCount | F1: TotalWeightedScore | G1: TaxonomyClass
A2: human | B2: =A2 -> human | C2: A neurotypical human adult. | D2: biological | E2: =COUNTIFS(Assessments!C2:C999, A2) -> 5 | F2: =SUMIFS(Assessments!J2:J999,Assessments!C2:C999, A2) -> 395.5 | G2: =IF(F2>=350, "Generalist", IF(F2>=220, "Broad", "Narrow")) -> Generalist
A3: octopus | B3: =A3 -> octopus | C3: A cephalopod problem-solver with distributed cognition. | D3: biological | E3: =COUNTIFS(Assessments!C2:C999, A3) -> 4 | F3: =SUMIFS(Assessments!J2:J999,Assessments!C2:C999, A3) -> 339.5 | G3: =IF(F3>=350, "Generalist", IF(F3>=220, "Broad", "Narrow")) -> Broad
A4: gpt-5 | B4: =A4 -> gpt-5 | C4: A large language model trained on broad text. | D4: digital | E4: =COUNTIFS(Assessments!C2:C999, A4) -> 4 | F4: =SUMIFS(Assessments!J2:J999,Assessments!C2:C999, A4) -> 326.5 | G4: =IF(F4>=350, "Generalist", IF(F4>=220, "Broad", "Narrow")) -> Broad
A5: calculator | B5: =A5 -> calculator | C5: A pocket arithmetic device. | D5: digital | E5: =COUNTIFS(Assessments!C2:C999, A5) -> 4 | F5: =SUMIFS(Assessments!J2:J999,Assessments!C2:C999, A5) -> 183.5 | G5: =IF(F5>=350, "Generalist", IF(F5>=220, "Broad", "Narrow")) -> Narrow

Sheet Assessments
A1: AssessmentsId | B1: Name | C1: Intelligence | D1: Capability | E1: RawScore | F1: IntelligenceName | G1: CapabilityName | H1: CapabilityTier | I1: CapabilityWeight | J1: WeightedScore
A2: human-memory | B2: =A2 -> human-memory | C2: human | D2: memory | E2: 80 | F2: =INDEX(Intelligences!B$2:B984, MATCH(C2,Intelligences!A$2:A984, 0)) -> human | G2: =INDEX(Capabilities!B2:B999, MATCH(D2,Capabilities!A2:A999, 0)) -> memory | H2: =INDEX(Capabilities!D2:D999, MATCH(D2,Capabilities!A2:A999, 0)) -> foundational | I2: =INDEX(Capabilities!E2:E999, MATCH(D2,Capabilities!A2:A999, 0)) -> 1 | J2: =E2*I2 -> 80
A3: human-perception | B3: =A3 -> human-perception | C3: human | D3: perception | E3: 85 | F3: =INDEX(Intelligences!B$2:B985, MATCH(C3,Intelligences!A$2:A985, 0)) -> human | G3: =INDEX(Capabilities!B2:B999, MATCH(D3,Capabilities!A2:A999, 0)) -> perception | H3: =INDEX(Capabilities!D2:D999, MATCH(D3,Capabilities!A2:A999, 0)) -> foundational | I3: =INDEX(Capabilities!E2:E999, MATCH(D3,Capabilities!A2:A999, 0)) -> 1 | J3: =E3*I3 -> 85
A4: human-reasoning | B4: =A4 -> human-reasoning | C4: human | D4: reasoning | E4: 85 | F4: =INDEX(Intelligences!B$2:B986, MATCH(C4,Intelligences!A$2:A986, 0)) -> human | G4: =INDEX(Capabilities!B2:B999, MATCH(D4,Capabilities!A2:A999, 0)) -> reasoning | H4: =INDEX(Capabilities!D2:D999, MATCH(D4,Capabilities!A2:A999, 0)) -> composite | I4: =INDEX(Capabilities!E2:E999, MATCH(D4,Capabilities!A2:A999, 0)) -> 1.3 | J4: =E4*I4 -> 110.5
A5: human-creativity | B5: =A5 -> human-creativity | C5: human | D5: creativity | E5: 80 | F5: =INDEX(Intelligences!B$2:B987, MATCH(C5,Intelligences!A$2:A987, 0)) -> human | G5: =INDEX(Capabilities!B2:B999, MATCH(D5,Capabilities!A2:A999, 0)) -> creativity | H5: =INDEX(Capabilities!D2:D999, MATCH(D5,Capabilities!A2:A999, 0)) -> emergent | I5: =INDEX(Capabilities!E2:E999, MATCH(D5,Capabilities!A2:A999, 0)) -> 1.5 | J5: =E5*I5 -> 120
A6: octopus-memory | B6: =A6 -> octopus-memory | C6: octopus | D6: memory | E6: 60 | F6: =INDEX(Intelligences!B$2:B988, MATCH(C6,Intelligences!A$2:A988, 0)) -> octopus | G6: =INDEX(Capabilities!B2:B999, MATCH(D6,Capabilities!A2:A999, 0)) -> memory | H6: =INDEX(Capabilities!D2:D999, MATCH(D6,Capabilities!A2:A999, 0)) -> foundational | I6: =INDEX(Capabilities!E2:E999, MATCH(D6,Capabilities!A2:A999, 0)) -> 1 | J6: =E6*I6 -> 60
A7: octopus-perception | B7: =A7 -> octopus-perception | C7: octopus | D7: perception | E7: 90 | F7: =INDEX(Intelligences!B$2:B989, MATCH(C7,Intelligences!A$2:A989, 0)) -> octopus | G7: =INDEX(Capabilities!B2:B999, MATCH(D7,Capabilities!A2:A999, 0)) -> perception | H7: =INDEX(Capabilities!D2:D999, MATCH(D7,Capabilities!A2:A999, 0)) -> foundational | I7: =INDEX(Capabilities!E2:E999, MATCH(D7,Capabilities!A2:A999, 0)) -> 1 | J7: =E7*I7 -> 90
A8: octopus-reasoning | B8: =A8 -> octopus-reasoning | C8: octopus | D8: reasoning | E8: 65 | F8: =INDEX(Intelligences!B$2:B990, MATCH(C8,Intelligences!A$2:A990, 0)) -> octopus | G8: =INDEX(Capabilities!B2:B999, MATCH(D8,Capabilities!A2:A999, 0)) -> reasoning | H8: =INDEX(Capabilities!D2:D999, MATCH(D8,Capabilities!A2:A999, 0)) -> composite | I8: =INDEX(Capabilities!E2:E999, MATCH(D8,Capabilities!A2:A999, 0)) -> 1.3 | J8: =E8*I8 -> 84.5
A9: octopus-creativity | B9: =A9 -> octopus-creativity | C9: octopus | D9: creativity | E9: 70 | F9: =INDEX(Intelligences!B$2:B991, MATCH(C9,Intelligences!A$2:A991, 0)) -> octopus | G9: =INDEX(Capabilities!B2:B999, MATCH(D9,Capabilities!A2:A999, 0)) -> creativity | H9: =INDEX(Capabilities!D2:D999, MATCH(D9,Capabilities!A2:A999, 0)) -> emergent | I9: =INDEX(Capabilities!E2:E999, MATCH(D9,Capabilities!A2:A999, 0)) -> 1.5 | J9: =E9*I9 -> 105
A10: gpt-5-memory | B10: =A10 -> gpt-5-memory | C10: gpt-5 | D10: memory | E10: 95 | F10: =INDEX(Intelligences!B$2:B992, MATCH(C10,Intelligences!A$2:A992, 0)) -> gpt-5 | G10: =INDEX(Capabilities!B2:B999, MATCH(D10,Capabilities!A2:A999, 0)) -> memory | H10: =INDEX(Capabilities!D2:D999, MATCH(D10,Capabilities!A2:A999, 0)) -> foundational | I10: =INDEX(Capabilities!E2:E999, MATCH(D10,Capabilities!A2:A999, 0)) -> 1 | J10: =E10*I10 -> 95
A11: gpt-5-perception | B11: =A11 -> gpt-5-perception | C11: gpt-5 | D11: perception | E11: 30 | F11: =INDEX(Intelligences!B$2:B993, MATCH(C11,Intelligences!A$2:A993, 0)) -> gpt-5 | G11: =INDEX(Capabilities!B2:B999, MATCH(D11,Capabilities!A2:A999, 0)) -> perception | H11: =INDEX(Capabilities!D2:D999, MATCH(D11,Capabilities!A2:A999, 0)) -> foundational | I11: =INDEX(Capabilities!E2:E999, MATCH(D11,Capabilities!A2:A999, 0)) -> 1 | J11: =E11*I11 -> 30
A12: gpt-5-reasoning | B12: =A12 -> gpt-5-reasoning | C12: gpt-5 | D12: reasoning | E12: 80 | F12: =INDEX(Intelligences!B$2:B994, MATCH(C12,Intelligences!A$2:A994, 0)) -> gpt-5 | G12: =INDEX(Capabilities!B2:B999, MATCH(D12,Capabilities!A2:A999, 0)) -> reasoning | H12: =INDEX(Capabilities!D2:D999, MATCH(D12,Capabilities!A2:A999, 0)) -> composite | I12: =INDEX(Capabilities!E2:E999, MATCH(D12,Capabilities!A2:A999, 0)) -> 1.3 | J12: =E12*I12 -> 104
A13: gpt-5-creativity | B13: =A13 -> gpt-5-creativity | C13: gpt-5 | D13: creativity | E13: 65 | F13: =INDEX(Intelligences!B$2:B995, MATCH(C13,Intelligences!A$2:A995, 0)) -> gpt-5 | G13: =INDEX(Capabilities!B2:B999, MATCH(D13,Capabilities!A2:A999, 0)) -> creativity | H13: =INDEX(Capabilities!D2:D999, MATCH(D13,Capabilities!A2:A999, 0)) -> emergent | I13: =INDEX(Capabilities!E2:E999, MATCH(D13,Capabilities!A2:A999, 0)) -> 1.5 | J13: =E13*I13 -> 97.5
A14: calculator-memory | B14: =A14 -> calculator-memory | C14: calculator | D14: memory | E14: 50 | F14: =INDEX(Intelligences!B$2:B996, MATCH(C14,Intelligences!A$2:A996, 0)) -> calculator | G14: =INDEX(Capabilities!B2:B999, MATCH(D14,Capabilities!A2:A999, 0)) -> memory | H14: =INDEX(Capabilities!D2:D999, MATCH(D14,Capabilities!A2:A999, 0)) -> foundational | I14: =INDEX(Capabilities!E2:E999, MATCH(D14,Capabilities!A2:A999, 0)) -> 1 | J14: =E14*I14 -> 50
A15: calculator-perception | B15: =A15 -> calculator-perception | C15: calculator | D15: perception | E15: 10 | F15: =INDEX(Intelligences!B$2:B997, MATCH(C15,Intelligences!A$2:A997, 0)) -> calculator | G15: =INDEX(Capabilities!B2:B999, MATCH(D15,Capabilities!A2:A999, 0)) -> perception | H15: =INDEX(Capabilities!D2:D999, MATCH(D15,Capabilities!A2:A999, 0)) -> foundational | I15: =INDEX(Capabilities!E2:E999, MATCH(D15,Capabilities!A2:A999, 0)) -> 1 | J15: =E15*I15 -> 10
A16: calculator-reasoning | B16: =A16 -> calculator-reasoning | C16: calculator | D16: reasoning | E16: 95 | F16: =INDEX(Intelligences!B$2:B998, MATCH(C16,Intelligences!A$2:A998, 0)) -> calculator | G16: =INDEX(Capabilities!B2:B999, MATCH(D16,Capabilities!A2:A999, 0)) -> reasoning | H16: =INDEX(Capabilities!D2:D999, MATCH(D16,Capabilities!A2:A999, 0)) -> composite | I16: =INDEX(Capabilities!E2:E999, MATCH(D16,Capabilities!A2:A999, 0)) -> 1.3 | J16: =E16*I16 -> 123.5
A17: calculator-creativity | B17: =A17 -> calculator-creativity | C17: calculator | D17: creativity | E17: 0 | F17: =INDEX(Intelligences!B$2:B999, MATCH(C17,Intelligences!A$2:A999, 0)) -> calculator | G17: =INDEX(Capabilities!B2:B999, MATCH(D17,Capabilities!A2:A999, 0)) -> creativity | H17: =INDEX(Capabilities!D2:D999, MATCH(D17,Capabilities!A2:A999, 0)) -> emergent | I17: =INDEX(Capabilities!E2:E999, MATCH(D17,Capabilities!A2:A999, 0)) -> 1.5 | J17: =E17*I17 -> 0
A18: calculator-creativity | B18: =A18 -> calculator-creativity | C18: human | D18: creativity | E18: 0 | F18: =INDEX(Intelligences!B$2:B1000, MATCH(C18,Intelligences!A$2:A1000, 0)) -> human | G18: =INDEX(Capabilities!B3:B1000, MATCH(D18,Capabilities!A3:A1000, 0)) -> creativity | H18: =INDEX(Capabilities!D3:D1000, MATCH(D18,Capabilities!A3:A1000, 0)) -> emergent | I18: =INDEX(Capabilities!E3:E1000, MATCH(D18,Capabilities!A3:A1000, 0)) -> 1.5 | J18: =E18*I18 -> 0

Sheet _original_json
A1: { "$schema": "https://example.com/cmcc-schema/v1", "Name": "Taxonomy of Intelligence", "Description": "A minimal Effortless demo that classifies intelligences (humans, animals, AI systems) by aggregating per-capability assessments through a multi-hop calculated-field DAG.", "Capabilities": { "Description": "Cognitive capabilities being assessed. Tiered foundational/composite/emergent and weighted by importance.", "schema": [ { "name": "CapabilitiesId", "datatype": "string", "type": "raw", "nullable": false, "Description": "Slug for the capability (e.g. 'reasoning'). First raw field is the PK." }, { "name": "Name", "datatype": "string", "type": "calculated", "nullable": false, "formula": "={{CapabilitiesId}}", "Description": "Display name (derived from PK)." }, { "name": "Description", "datatype": "string", "type": "raw", "nullable": true, "Description": "Short prose describing the capability." }, { "name": "Tier", "datatype": "string", "type": "raw", "nullable": false, "Description": "Capability tier: foundational, composite, or emergent." }, { "name": "Weight", "datatype": "number", "type": "raw", "nullable": false, "Description": "Importance multiplier used when computing WeightedScore on each Assessment." } ], "data": [ { "CapabilitiesId": "memory", "Description": "Storing, retaining, and recalling information across time.", "Tier": "foundational", "Weight": 1.0 }, { "CapabilitiesId": "perception", "Description": "Sensing the environment and interpreting raw input into structure.", "Tier": "foundational", "Weight": 1.0 }, { "CapabilitiesId": "reasoning", "Description": "Inference, deduction, and structured problem-solving.", "Tier": "composite", "Weight": 1.3 }, { "CapabilitiesId": "creativity", "Description": "Novel synthesis, divergent thinking, and open-ended generation.", "Tier": "emergent", "Weight": 1.5 } ] }, "Intelligences": { "Description": "Agents being classified by the taxonomy. Each Intelligence's TaxonomyClass is derived from the rollup of its Assessments.", "schema": [ { "name": "IntelligencesId", "datatype": "string", "type": "raw", "nullable": false, "Description": "Slug for the intelligence (e.g. 'human'). First raw field is the PK." }, { "name": "Name", "datatype": "string", "type": "calculated", "nullable": false, "formula": "={{IntelligencesId}}", "Description": "Display name (derived from PK)." }, { "name": "Description", "datatype": "string", "type": "raw", "nullable": true, "Description": "Short prose describing what this intelligence is." }, { "name": "Substrate", "datatype": "string", "type": "raw", "nullable": false, "Description": "Substrate kind: biological, digital, or collective." }, { "name": "AssessmentCount", "datatype": "integer", "type": "aggregation", "nullable": false, "formula": "=COUNTIFS(Assessments!{{Intelligence}}, {{IntelligencesId}})", "Description": "How many capabilities this intelligence has been assessed on." }, { "name": "TotalWeightedScore", "datatype": "number", "type": "aggregation", "nullable": false, "formula": "=SUMIFS(Assessments!{{WeightedScore}}, Assessments!{{Intelligence}}, {{IntelligencesId}})", "Description": "Sum of WeightedScore across all this intelligence's assessments. Second hop in the DAG." }, { "name": "TaxonomyClass", "datatype": "string", "type": "calculated", "nullable": false, "formula": "=IF({{TotalWeightedScore}}>=350, \"Generalist\", IF({{TotalWeightedScore}}>=220, \"Broad\", \"Narrow\"))", "Description": "Taxonomic bucket derived from TotalWeightedScore. Third hop in the DAG." } ], "data": [ { "IntelligencesId": "human", "Description": "A neurotypical human adult.", "Substrate": "biological" }, { "IntelligencesId": "octopus", "Description": "A cephalopod problem-solver with distributed cognition.", "Substrate": "biological" }, { "IntelligencesId": "gpt-5", "Description": "A large language model trained on broad text.", "Substrate": "digital" }, { "IntelligencesId": "calculator", "Description": "A pocket arithmetic device.", "Substrate": "digital" } ] }, "Assessments": { "Description": "Per-capability scores for each intelligence. The junction table whose calculated WeightedScore feeds the rollup on Intelligences.", "schema": [ { "name": "AssessmentsId", "datatype": "string", "type": "raw", "nullable": false, "Description": "Slug encoding the intelligence-capability pair (e.g. 'human-reasoning'). First raw field is the PK." }, { "name": "Name", "datatype": "string", "type": "calculated", "nullable": false, "formula": "={{AssessmentsId}}", "Description": "Display name (derived from PK)." }, { "name": "Intelligence", "datatype": "string", "type": "relationship", "RelatedTo": "Intelligences", "nullable": false, "Description": "FK to Intelligences. Holds the value of Intelligences.IntelligencesId." }, { "name": "Capability", "datatype": "string", "type": "relationship", "RelatedTo": "Capabilities", "nullable": false, "Description": "FK to Capabilities. Holds the value of Capabilities.CapabilitiesId." }, { "name": "RawScore", "datatype": "integer", "type": "raw", "nullable": false, "Description": "User-editable assessment score from 0 to 100. Edit this in the UI to watch the cascade." }, { "name": "IntelligenceName", "datatype": "string", "type": "lookup", "nullable": true, "formula": "=INDEX(Intelligences!{{Name}}, MATCH({{Intelligence}}, Intelligences!{{IntelligencesId}}, 0))", "Description": "Display name pulled from the related Intelligences row." }, { "name": "CapabilityName", "datatype": "string", "type": "lookup", "nullable": true, "formula": "=INDEX(Capabilities!{{Name}}, MATCH({{Capability}}, Capabilities!{{CapabilitiesId}}, 0))", "Description": "Display name pulled from the related Capabilities row." }, { "name": "CapabilityTier", "datatype": "string", "type": "lookup", "nullable": true, "formula": "=INDEX(Capabilities!{{Tier}}, MATCH({{Capability}}, Capabilities!{{CapabilitiesId}}, 0))", "Description": "Tier (foundational/composite/emergent) pulled from the related Capabilities row." }, { "name": "CapabilityWeight", "datatype": "number", "type": "lookup", "nullable": true, "formula": "=INDEX(Capabilities!{{Weight}}, MATCH({{Capability}}, Capabilities!{{CapabilitiesId}}, 0))", "Description": "Importance multiplier pulled from the related Capabilities row." }, { "name": "WeightedScore", "datatype": "number", "type": "calculated", "nullable": false, "formula": "={{RawScore}}*{{CapabilityWeight}}", "Description": "RawScore scaled by the capability's Weight. First hop in the DAG." } ], "data": [ { "AssessmentsId": "human-memory", "Intelligence": "human", "Capability": "memory", "RawScore": 80 }, { "AssessmentsId": "human-perception", "Intelligence": "human", "Capability": "perception", "RawScore": 85 }, { "AssessmentsId": "human-reasoning", "Intelligence": "human", "Capability": "reasoning", "RawScore": 85 }, { "AssessmentsId": "human-creativity", "Intelligence": "human", "Capability": "creativity", "RawScore": 80 }, { "AssessmentsId": "octopus-memory", "Intelligence": "octopus", "Capability": "memory", "RawScore": 60 }, { "AssessmentsId": "octopus-perception", "Intelligence": "octopus", "Capability": "perception", "RawScore": 90 }, { "AssessmentsId": "octopus-reasoning", "Intelligence": "octopus", "Capability": "reasoning", "RawScore": 65 }, { "AssessmentsId": "octopus-creativity", "Intelligence": "octopus", "Capability": "creativity", "RawScore": 70 }, { "AssessmentsId": "gpt-5-memory", "Intelligence": "gpt-5", "Capability": "memory", "RawScore": 95 }, { "AssessmentsId": "gpt-5-perception", "Intelligence": "gpt-5", "Capability": "perception", "RawScore": 30 }, { "AssessmentsId": "gpt-5-reasoning", "Intelligence": "gpt-5", "Capability": "reasoning", "RawScore": 80 }, { "AssessmentsId": "gpt-5-creativity", "Intelligence": "gpt-5", "Capability": "creativity", "RawScore": 65 }, { "AssessmentsId": "calculator-memory", "Intelligence": "calculator", "Capability": "memory", "RawScore": 50 }, { "AssessmentsId": "calculator-perception", "Intelligence": "calculator", "Capability": "perception", "RawScore": 10 }, { "AssessmentsId": "calculator-reasoning", "Intelligence": "calculator", "Capability": "reasoning", "RawScore": 95 }, { "AssessmentsId": "calculator-creativity", "Intelligence": "calculator", "Capability": "creativity", "RawScore": 0 } ] }, "_meta": { "_CMCC_Summary": "Hand-authored rulebook for a minimal taxonomy-of-intelligence demo.", "_conversion_metadata": { "tool_version": "demo-app-skill", "export_mode": "hand_authored" } } }
