Workbook

Sheet Client
A1: ClientId | B1: Customer | C1: EmailAddress | D1: FirstName | E1: LastName | F1: FullName
A2: cust0001 | B2: CUST0001 | C2: larry.smith@email.com | D2: Bob | E2: Smith | F2: =D2 & " " & E2 -> Bob Smith
A3: cust0002 | B3: CUST0002 | C3: john.doe@email.com | D3: John | E3: Doe | F3: =D3 & " " & E3 -> John Doe
A4: cust0003 | B4: CUST0003 | C4: emily.jones@email.com | D4: Emily | E4: Jones | F4: =D4 & " " & E4 -> Emily Jones

Sheet Projects
A1: ProjectId | B1: Name | C1: Description | D1: ProjectType | E1: ProjectTypeName | F1: ProjectTypeDescription | G1: ProjectTypeRequiresManagerApproval | H1: DueDate | I1: IsApproved | J1: ApprovedBy | K1: ApprovedByRoleIsManager | L1: ApprovedByName | M1: ApprovedByEmailAddress | N1: ApprovedByPhoneNumber
A2: internal-tools-dashboard | B2: Internal Tools Dashboard | C2: Build internal analytics dashboard for team productivity metrics | D2: internal | E2: =INDEX(TypesOfProject!B2:B999, MATCH(D2,TypesOfProject!A2:A999, 0)) -> Internal | F2: =INDEX(TypesOfProject!C2:C999, MATCH(D2,TypesOfProject!A2:A999, 0)) -> An internal project that is not publicly accessible | G2: =INDEX(TypesOfProject!D2:D999, MATCH(D2,TypesOfProject!A2:A999, 0)) -> FALSE | H2: 46188 | I2: TRUE | J2: sarah-chen | K2: =INDEX(Employees!I2:I999, MATCH(J2,Employees!A2:A999, 0)) -> TRUE | L2: =INDEX(Employees!B2:B999, MATCH(J2,Employees!A2:A999, 0)) -> Sarah Chen | M2: =INDEX(Employees!C2:C999, MATCH(J2,Employees!A2:A999, 0)) -> sarah.chen@acmecorp.example | N2: =INDEX(Employees!D2:D999, MATCH(J2,Employees!A2:A999, 0)) -> 555-0101
A3: customer-portal-redesign | B3: Customer Portal Redesign | C3: Complete redesign of customer-facing portal with modern UX | D3: clientfacing | E3: =INDEX(TypesOfProject!B2:B999, MATCH(D3,TypesOfProject!A2:A999, 0)) -> ClientFacing | F3: =INDEX(TypesOfProject!C2:C999, MATCH(D3,TypesOfProject!A2:A999, 0)) -> Open, public facing communication | G3: =INDEX(TypesOfProject!D2:D999, MATCH(D3,TypesOfProject!A2:A999, 0)) -> TRUE | H3: 46235 | I3: FALSE | J3: priya-patel | K3: =INDEX(Employees!I2:I999, MATCH(J3,Employees!A2:A999, 0)) -> FALSE | L3: =INDEX(Employees!B2:B999, MATCH(J3,Employees!A2:A999, 0)) -> Priya Patel | M3: =INDEX(Employees!C2:C999, MATCH(J3,Employees!A2:A999, 0)) -> priya.patel@acmecorp.example | N3: =INDEX(Employees!D2:D999, MATCH(J3,Employees!A2:A999, 0)) -> 555-0103
A4: gdpr-compliance-audit | B4: GDPR Compliance Audit | C4: Annual compliance audit and documentation update | D4: compliance | E4: =INDEX(TypesOfProject!B2:B999, MATCH(D4,TypesOfProject!A2:A999, 0)) -> Compliance | F4: =INDEX(TypesOfProject!C2:C999, MATCH(D4,TypesOfProject!A2:A999, 0)) | G4: =INDEX(TypesOfProject!D2:D999, MATCH(D4,TypesOfProject!A2:A999, 0)) -> TRUE | H4: 46142 | I4: TRUE | J4: mike-johnson | K4: =INDEX(Employees!I2:I999, MATCH(J4,Employees!A2:A999, 0)) -> TRUE | L4: =INDEX(Employees!B2:B999, MATCH(J4,Employees!A2:A999, 0)) -> Mike Johnson | M4: =INDEX(Employees!C2:C999, MATCH(J4,Employees!A2:A999, 0)) -> mike.johnson@acmecorp.example | N4: =INDEX(Employees!D2:D999, MATCH(J4,Employees!A2:A999, 0)) -> 555-0102

Sheet Employees
A1: EmployeeId | B1: Name | C1: EmailAddress | D1: PhoneNumber | E1: Role | F1: RoleName | G1: RoleDescription | H1: Projects | I1: RoleIsManager
A2: sarah-chen | B2: Sarah Chen | C2: sarah.chen@acmecorp.example | D2: 555-0101 | E2: projectmanager | F2: =INDEX(Roles!B2:B999, MATCH(E2,Roles!A2:A999, 0)) -> ProjectManager | G2: =INDEX(Roles!C2:C999, MATCH(E2,Roles!A2:A999, 0)) -> The project Manager makes sure that the developers do what the analysts ask for | H2: internal-tools-dashboard | I2: =INDEX(Roles!D2:D999, MATCH(E2,Roles!A2:A999, 0)) -> TRUE
A3: mike-johnson | B3: Mike Johnson | C3: mike.johnson@acmecorp.example | D3: 555-0102 | E3: developer | F3: =INDEX(Roles!B2:B999, MATCH(E3,Roles!A2:A999, 0)) -> Developer | G3: =INDEX(Roles!C2:C999, MATCH(E3,Roles!A2:A999, 0)) -> Developers handle the implementation and are responsible for making the final product do what is expected | H3: gdpr-compliance-audit | I3: =INDEX(Roles!D2:D999, MATCH(E3,Roles!A2:A999, 0)) -> TRUE
A4: priya-patel | B4: Priya Patel | C4: priya.patel@acmecorp.example | D4: 555-0103 | E4: analyst | F4: =INDEX(Roles!B2:B999, MATCH(E4,Roles!A2:A999, 0)) -> Analyst | G4: =INDEX(Roles!C2:C999, MATCH(E4,Roles!A2:A999, 0)) -> The business analysis know what the customer's want. | H4: customer-portal-redesign | I4: =INDEX(Roles!D2:D999, MATCH(E4,Roles!A2:A999, 0)) -> FALSE

Sheet Roles
A1: RoleId | B1: Name | C1: Description | D1: IsManager | E1: Employees | F1: CountOfEmployees
A2: developer | B2: Developer | C2: Developers handle the implementation and are responsible for making the final product do what is expected | D2: TRUE | E2: mike-johnson | F2: =COUNTIFS(Employees!E2:E999,A2) -> 1
A3: projectmanager | B3: ProjectManager | C3: The project Manager makes sure that the developers do what the analysts ask for | D3: TRUE | E3: sarah-chen | F3: =COUNTIFS(Employees!E2:E999,A3) -> 1
A4: analyst | B4: Analyst | C4: The business analysis know what the customer's want. | D4: FALSE | E4: priya-patel | F4: =COUNTIFS(Employees!E2:E999,A4) -> 1

Sheet TypesOfProject
A1: TypesOfProjectId | B1: Name | C1: Description | D1: RequiresManagerApproval | E1: Projects | F1: CountOfProjects
A2: internal | B2: Internal | C2: An internal project that is not publicly accessible | D2: FALSE | E2: internal-tools-dashboard | F2: =COUNTIFS(Projects!D2:D999,A2) -> 1
A3: clientfacing | B3: ClientFacing | C3: Open, public facing communication | D3: TRUE | E3: customer-portal-redesign | F3: =COUNTIFS(Projects!D2:D999,A3) -> 1
A4: research | B4: Research | D4: FALSE | F4: =COUNTIFS(Projects!D2:D999,A4) -> 0
A5: compliance | B5: Compliance | D5: TRUE | E5: gdpr-compliance-audit | F5: =COUNTIFS(Projects!D2:D999,A5) -> 1

Sheet _original_json
A1: { "$schema": "https://example.com/cmcc-schema/v1", "Name": "ACME Corporation (template)", "Description": "Rulebook generated from Airtable base \u0027ACME Corporation (template)\u0027.", "Client": { "Description": "Table: Client", "schema": [ { "name": "ClientId", "datatype": "string", "type": "raw", "nullable": false }, { "name": "Customer", "datatype": "string", "type": "raw", "nullable": true, "Description": "Identifier for the customers." }, { "name": "EmailAddress", "datatype": "string", "type": "raw", "nullable": true, "Description": "Thec ustomers email address" }, { "name": "FirstName", "datatype": "string", "type": "raw", "nullable": true, "Description": "First Name of the customer - used to make the full name" }, { "name": "LastName", "datatype": "string", "type": "raw", "nullable": true, "Description": "Last Name of the customer - used to make the full name" }, { "name": "FullName", "datatype": "string", "type": "calculated", "nullable": true, "Description": "Full name is computed from the first and last name of the customer", "formula": "={{FirstName}} \u0026 \u0022 \u0022 \u0026 {{LastName}}" } ], "data": [ { "ClientId": "cust0001", "EmailAddress": "larry.smith@email.com", "LastName": "Smith", "Customer": "CUST0001", "FirstName": "Bob", "FullName": "Bob Smith" }, { "ClientId": "cust0002", "EmailAddress": "john.doe@email.com", "LastName": "Doe", "Customer": "CUST0002", "FirstName": "John", "FullName": "John Doe" }, { "ClientId": "cust0003", "EmailAddress": "emily.jones@email.com", "LastName": "Jones", "Customer": "CUST0003", "FirstName": "Emily", "FullName": "Emily Jones" } ] }, "Projects": { "Description": "Table: Projects", "schema": [ { "name": "ProjectId", "datatype": "string", "type": "raw", "nullable": false }, { "name": "Name", "datatype": "string", "type": "raw", "nullable": true }, { "name": "Description", "datatype": "string", "type": "raw", "nullable": true }, { "name": "ProjectType", "datatype": "string", "type": "relationship", "nullable": true, "RelatedTo": "TypesOfProject", "isReversed": false, "prefersSingleRecordLink": true, "InverseField": "Projects" }, { "name": "ProjectTypeName", "datatype": "string", "type": "lookup", "nullable": true, "formula": "=INDEX(TypesOfProject!{{Name}}, MATCH(Projects!{{ProjectType}}, TypesOfProject!{{TypesOfProjectId}}, 0))" }, { "name": "ProjectTypeDescription", "datatype": "string", "type": "lookup", "nullable": true, "formula": "=INDEX(TypesOfProject!{{Description}}, MATCH(Projects!{{ProjectType}}, TypesOfProject!{{TypesOfProjectId}}, 0))" }, { "name": "ProjectTypeRequiresManagerApproval", "datatype": "boolean", "type": "lookup", "nullable": true, "formula": "=INDEX(TypesOfProject!{{RequiresManagerApproval}}, MATCH(Projects!{{ProjectType}}, TypesOfProject!{{TypesOfProjectId}}, 0))" }, { "name": "DueDate", "datatype": "datetime", "type": "raw", "nullable": true }, { "name": "IsApproved", "datatype": "boolean", "type": "raw", "nullable": true }, { "name": "ApprovedBy", "datatype": "string", "type": "relationship", "nullable": true, "RelatedTo": "Employees", "isReversed": false, "prefersSingleRecordLink": true, "InverseField": "Projects" }, { "name": "ApprovedByRoleIsManager", "datatype": "boolean", "type": "lookup", "nullable": true, "formula": "=INDEX(Employees!{{RoleIsManager}}, MATCH(Projects!{{ApprovedBy}}, Employees!{{EmployeeId}}, 0))" }, { "name": "ApprovedByName", "datatype": "string", "type": "lookup", "nullable": true, "formula": "=INDEX(Employees!{{Name}}, MATCH(Projects!{{ApprovedBy}}, Employees!{{EmployeeId}}, 0))" }, { "name": "ApprovedByEmailAddress", "datatype": "string", "type": "lookup", "nullable": true, "formula": "=INDEX(Employees!{{EmailAddress}}, MATCH(Projects!{{ApprovedBy}}, Employees!{{EmployeeId}}, 0))" }, { "name": "ApprovedByPhoneNumber", "datatype": "string", "type": "lookup", "nullable": true, "formula": "=INDEX(Employees!{{PhoneNumber}}, MATCH(Projects!{{ApprovedBy}}, Employees!{{EmployeeId}}, 0))" } ], "data": [ { "ProjectId": "internal-tools-dashboard", "Name": "Internal Tools Dashboard", "IsApproved": true, "ApprovedBy": "sarah-chen", "ApprovedByEmailAddress": "sarah.chen@acmecorp.example", "ProjectTypeName": "Internal", "Description": "Build internal analytics dashboard for team productivity metrics", "ApprovedByPhoneNumber": "555-0101", "DueDate": "2026-06-15", "ApprovedByName": "Sarah Chen", "ApprovedByRoleIsManager": "True", "ProjectTypeRequiresManagerApproval": "", "ProjectType": "internal", "ProjectTypeDescription": "An internal project that is not publicly accessible" }, { "ProjectId": "customer-portal-redesign", "Name": "Customer Portal Redesign", "ApprovedBy": "priya-patel", "ApprovedByEmailAddress": "priya.patel@acmecorp.example", "ProjectTypeName": "ClientFacing", "Description": "Complete redesign of customer-facing portal with modern UX", "ApprovedByPhoneNumber": "555-0103", "DueDate": "2026-08-01", "ApprovedByName": "Priya Patel", "ApprovedByRoleIsManager": "", "ProjectTypeRequiresManagerApproval": "True", "ProjectType": "clientfacing", "ProjectTypeDescription": "Open, public facing communication", "IsApproved": false }, { "ProjectId": "gdpr-compliance-audit", "Name": "GDPR Compliance Audit", "IsApproved": true, "ApprovedBy": "mike-johnson", "ApprovedByEmailAddress": "mike.johnson@acmecorp.example", "ProjectTypeName": "Compliance", "Description": "Annual compliance audit and documentation update", "ApprovedByPhoneNumber": "555-0102", "DueDate": "2026-04-30", "ApprovedByName": "Mike Johnson", "ApprovedByRoleIsManager": "True", "ProjectTypeRequiresManagerApproval": "True", "ProjectType": "compliance", "ProjectTypeDescription": "" } ] }, "Employees": { "Description": "Table: Employees", "schema": [ { "name": "EmployeeId", "datatype": "string", "type": "raw", "nullable": false }, { "name": "Name", "datatype": "string", "type": "raw", "nullable": true }, { "name": "EmailAddress", "datatype": "string", "type": "raw", "nullable": true }, { "name": "PhoneNumber", "datatype": "string", "type": "raw", "nullable": true }, { "name": "Role", "datatype": "string", "type": "relationship", "nullable": true, "RelatedTo": "Roles", "isReversed": false, "prefersSingleRecordLink": true, "InverseField": "Employees" }, { "name": "RoleName", "datatype": "string", "type": "lookup", "nullable": true, "formula": "=INDEX(Roles!{{Name}}, MATCH(Employees!{{Role}}, Roles!{{RoleId}}, 0))" }, { "name": "RoleDescription", "datatype": "string", "type": "lookup", "nullable": true, "formula": "=INDEX(Roles!{{Description}}, MATCH(Employees!{{Role}}, Roles!{{RoleId}}, 0))" }, { "name": "Projects", "datatype": "string", "type": "relationship", "nullable": true, "RelatedTo": "Projects", "isReversed": false, "prefersSingleRecordLink": false, "InverseField": "ApprovedBy" }, { "name": "RoleIsManager", "datatype": "boolean", "type": "lookup", "nullable": true, "formula": "=INDEX(Roles!{{IsManager}}, MATCH(Employees!{{Role}}, Roles!{{RoleId}}, 0))" } ], "data": [ { "EmployeeId": "sarah-chen", "Projects": "internal-tools-dashboard", "RoleIsManager": "True", "PhoneNumber": "555-0101", "RoleDescription": "The project Manager makes sure that the developers do what the analysts ask for", "RoleName": "ProjectManager", "Name": "Sarah Chen", "Role": "projectmanager", "EmailAddress": "sarah.chen@acmecorp.example" }, { "EmployeeId": "mike-johnson", "Projects": "gdpr-compliance-audit", "RoleIsManager": "True", "PhoneNumber": "555-0102", "RoleDescription": "Developers handle the implementation and are responsible for making the final product do what is expected", "RoleName": "Developer", "Name": "Mike Johnson", "Role": "developer", "EmailAddress": "mike.johnson@acmecorp.example" }, { "EmployeeId": "priya-patel", "Projects": "customer-portal-redesign", "RoleIsManager": "", "PhoneNumber": "555-0103", "RoleDescription": "The business analysis know what the customer\u0027s want.", "RoleName": "Analyst", "Name": "Priya Patel", "Role": "analyst", "EmailAddress": "priya.patel@acmecorp.example" } ] }, "Roles": { "Description": "Table: Roles", "schema": [ { "name": "RoleId", "datatype": "string", "type": "raw", "nullable": false }, { "name": "Name", "datatype": "string", "type": "raw", "nullable": true }, { "name": "Description", "datatype": "string", "type": "raw", "nullable": true }, { "name": "IsManager", "datatype": "boolean", "type": "raw", "nullable": true }, { "name": "Employees", "datatype": "string", "type": "relationship", "nullable": true, "RelatedTo": "Employees", "isReversed": false, "prefersSingleRecordLink": false, "InverseField": "Role" }, { "name": "CountOfEmployees", "datatype": "integer", "type": "aggregation", "nullable": true, "formula": "=COUNTIFS(Employees!{{Role}}, Roles!{{RoleId}})" } ], "data": [ { "RoleId": "developer", "IsManager": true, "Name": "Developer", "CountOfEmployees": 1, "Employees": "mike-johnson", "Description": "Developers handle the implementation and are responsible for making the final product do what is expected" }, { "RoleId": "projectmanager", "IsManager": true, "Name": "ProjectManager", "CountOfEmployees": 1, "Employees": "sarah-chen", "Description": "The project Manager makes sure that the developers do what the analysts ask for" }, { "RoleId": "analyst", "Name": "Analyst", "CountOfEmployees": 1, "Employees": "priya-patel", "Description": "The business analysis know what the customer\u0027s want.", "IsManager": false } ] }, "TypesOfProject": { "Description": "Table: TypesOfProject", "schema": [ { "name": "TypesOfProjectId", "datatype": "string", "type": "raw", "nullable": false }, { "name": "Name", "datatype": "string", "type": "raw", "nullable": true }, { "name": "Description", "datatype": "string", "type": "raw", "nullable": true }, { "name": "RequiresManagerApproval", "datatype": "boolean", "type": "raw", "nullable": true }, { "name": "Projects", "datatype": "string", "type": "relationship", "nullable": true, "RelatedTo": "Projects", "isReversed": false, "prefersSingleRecordLink": false, "InverseField": "ProjectType" }, { "name": "CountOfProjects", "datatype": "integer", "type": "aggregation", "nullable": true, "formula": "=COUNTIFS(Projects!{{ProjectType}}, TypesOfProject!{{TypesOfProjectId}})" } ], "data": [ { "TypesOfProjectId": "internal", "Name": "Internal", "CountOfProjects": 1, "Description": "An internal project that is not publicly accessible", "Projects": "internal-tools-dashboard", "RequiresManagerApproval": false }, { "TypesOfProjectId": "clientfacing", "Name": "ClientFacing", "CountOfProjects": 1, "RequiresManagerApproval": true, "Description": "Open, public facing communication", "Projects": "customer-portal-redesign" }, { "TypesOfProjectId": "research", "Name": "Research", "CountOfProjects": 0, "Description": "", "RequiresManagerApproval": false, "Projects": "" }, { "TypesOfProjectId": "compliance", "Name": "Compliance", "CountOfProjects": 1, "RequiresManagerApproval": true, "Projects": "gdpr-compliance-audit", "Description": "" } ] }, "_meta": { "_CMCC_Summary": "Airtable export with schema-first type mapping: Schemas, Data, Relationships (FK links), Lookups (INDEX/MATCH), Aggregations (SUMIFS/COUNTIFS/Rollups), and Calculated fields (formulas) in Excel dialect. Field types are determined from Airtable\u0027s schema metadata FIRST (no coercion), with intelligent fallback to formula/data analysis only when schema is unavailable.", "_conversion_metadata": { "source_base_id": "appzkcmBFPWFGBtRo", "table_count": 5, "tool_version": "2.0.0", "field_type_mapping": "checkbox\u2192boolean, number\u2192number/integer, multipleRecordLinks\u2192relationship, multipleLookupValues\u2192lookup, rollup\u2192aggregation, count\u2192aggregation, formula\u2192calculated", "export_mode": "schema_first_type_mapping", "type_inference": { "enabled": true, "priority": "airtable_metadata (NO COERCION) \u2192 formula_analysis \u2192 reference_resolution \u2192 data_analysis (fallback only)", "airtable_type_mapping": "checkbox\u2192boolean, singleLineText\u2192string, multilineText\u2192string, number\u2192number/integer, datetime\u2192datetime, singleSelect\u2192string, email\u2192string, url\u2192string, phoneNumber\u2192string", "data_coercion_hierarchy": "Only used as fallback when Airtable schema unavailable: datetime \u2192 number \u2192 integer \u2192 boolean \u2192 base64 \u2192 json \u2192 string", "nullable_support": true, "error_value_handling": "#NUM!, #ERROR!, #N/A, #REF!, #DIV/0!, #VALUE!, #NAME? are treated as NULL" } } } }
