Workbook

Sheet TransactionTypes
A1: TransactionTypeId | B1: Name | C1: Description
A2: PURCHASE | B2: =A2 -> PURCHASE | C2: Stock received from supplier
A3: SALE | B3: =A3 -> SALE | C3: Stock sold to customer
A4: ADJUSTMENT | B4: =A4 -> ADJUSTMENT | C4: Inventory correction or damage write-off

Sheet Products
A1: ProductId | B1: Name | C1: UnitPrice | D1: ReorderLevel | E1: CurrentQuantity | F1: IsLowStock | G1: ReorderStatus
A2: WIDGET-A | B2: =A2 -> WIDGET-A | C2: 12.99 | D2: 50 | E2: =SUMIFS(Transactions!H2:H999,Transactions!C2:C999, A2) -> 45 | F2: =E2 < D2 -> TRUE | G2: =IF(F2, "This needs to be reordered IMMEDIATELY!!", "In Stock") -> This needs to be reordered IMMEDIATELY!!
A3: GADGET-B | B3: =A3 -> GADGET-B | C3: 24.50 | D3: 30 | E3: =SUMIFS(Transactions!H2:H999,Transactions!C2:C999, A3) -> 915 | F3: =E3 < D3 -> FALSE | G3: =IF(F3, "This needs to be reordered IMMEDIATELY!!", "In Stock") -> In Stock
A4: PART-C | B4: =A4 -> PART-C | C4: 5.00 | D4: 100 | E4: =SUMIFS(Transactions!H2:H999,Transactions!C2:C999, A4) -> 70 | F4: =E4 < D4 -> TRUE | G4: =IF(F4, "This needs to be reordered IMMEDIATELY!!", "In Stock") -> This needs to be reordered IMMEDIATELY!!
A5: TOOL-D | B5: =A5 -> TOOL-D | C5: 99.99 | D5: 10 | E5: =SUMIFS(Transactions!H2:H999,Transactions!C2:C999, A5) -> 5 | F5: =E5 < D5 -> TRUE | G5: =IF(F5, "This needs to be reordered IMMEDIATELY!!", "In Stock") -> This needs to be reordered IMMEDIATELY!!

Sheet Transactions
A1: TransactionId | B1: Name | C1: Product | D1: ProductName | E1: ProductUnitPrice | F1: TransactionType | G1: TransactionTypeName | H1: Quantity | I1: Amount | J1: TransactionDate | K1: Notes
A2: TXN-001 | B2: =A2 -> TXN-001 | C2: WIDGET-A | D2: =INDEX(Products!B2:B999, MATCH(C2,Products!A2:A999, 0)) -> WIDGET-A | E2: =INDEX(Products!C2:C999, MATCH(C2,Products!A2:A999, 0)) -> 12.99 | F2: PURCHASE | G2: =INDEX(TransactionTypes!B2:B999, MATCH(F2,TransactionTypes!A2:A999, 0)) -> PURCHASE | H2: 100 | I2: =H2 * E2 -> 1299 | J2: 46143.417 | K2: Initial stock delivery
A3: TXN-002 | B3: =A3 -> TXN-002 | C3: WIDGET-A | D3: =INDEX(Products!B2:B999, MATCH(C3,Products!A2:A999, 0)) -> WIDGET-A | E3: =INDEX(Products!C2:C999, MATCH(C3,Products!A2:A999, 0)) -> 12.99 | F3: SALE | G3: =INDEX(TransactionTypes!B2:B999, MATCH(F3,TransactionTypes!A2:A999, 0)) -> SALE | H3: -25 | I3: =H3 * E3 -> -324.75 | J3: 46147.604 | K3: Bulk order
A4: TXN-003 | B4: =A4 -> TXN-003 | C4: WIDGET-A | D4: =INDEX(Products!B2:B999, MATCH(C4,Products!A2:A999, 0)) -> WIDGET-A | E4: =INDEX(Products!C2:C999, MATCH(C4,Products!A2:A999, 0)) -> 12.99 | F4: SALE | G4: =INDEX(TransactionTypes!B2:B999, MATCH(F4,TransactionTypes!A2:A999, 0)) -> SALE | H4: -30 | I4: =H4 * E4 -> -389.7 | J4: 46152.375 | K4: Customer purchase
A5: TXN-004 | B5: =A5 -> TXN-004 | C5: GADGET-B | D5: =INDEX(Products!B2:B999, MATCH(C5,Products!A2:A999, 0)) -> GADGET-B | E5: =INDEX(Products!C2:C999, MATCH(C5,Products!A2:A999, 0)) -> 24.50 | F5: PURCHASE | G5: =INDEX(TransactionTypes!B2:B999, MATCH(F5,TransactionTypes!A2:A999, 0)) -> PURCHASE | H5: 50 | I5: =H5 * E5 -> 1225 | J5: 46144.458
A6: TXN-005 | B6: =A6 -> TXN-005 | C6: GADGET-B | D6: =INDEX(Products!B2:B999, MATCH(C6,Products!A2:A999, 0)) -> GADGET-B | E6: =INDEX(Products!C2:C999, MATCH(C6,Products!A2:A999, 0)) -> 24.50 | F6: SALE | G6: =INDEX(TransactionTypes!B2:B999, MATCH(F6,TransactionTypes!A2:A999, 0)) -> SALE | H6: -35 | I6: =H6 * E6 -> -857.5 | J6: 46150.552 | K6: Order fulfillment
A7: TXN-006 | B7: =A7 -> TXN-006 | C7: PART-C | D7: =INDEX(Products!B2:B999, MATCH(C7,Products!A2:A999, 0)) -> PART-C | E7: =INDEX(Products!C2:C999, MATCH(C7,Products!A2:A999, 0)) -> 5.00 | F7: PURCHASE | G7: =INDEX(TransactionTypes!B2:B999, MATCH(F7,TransactionTypes!A2:A999, 0)) -> PURCHASE | H7: 200 | I7: =H7 * E7 -> 1000 | J7: 46143.333 | K7: Bulk purchase from supplier
A8: TXN-007 | B8: =A8 -> TXN-007 | C8: PART-C | D8: =INDEX(Products!B2:B999, MATCH(C8,Products!A2:A999, 0)) -> PART-C | E8: =INDEX(Products!C2:C999, MATCH(C8,Products!A2:A999, 0)) -> 5.00 | F8: SALE | G8: =INDEX(TransactionTypes!B2:B999, MATCH(F8,TransactionTypes!A2:A999, 0)) -> SALE | H8: -80 | I8: =H8 * E8 -> -400 | J8: 46148.438
A9: TXN-008 | B9: =A9 -> TXN-008 | C9: PART-C | D9: =INDEX(Products!B2:B999, MATCH(C9,Products!A2:A999, 0)) -> PART-C | E9: =INDEX(Products!C2:C999, MATCH(C9,Products!A2:A999, 0)) -> 5.00 | F9: SALE | G9: =INDEX(TransactionTypes!B2:B999, MATCH(F9,TransactionTypes!A2:A999, 0)) -> SALE | H9: -50 | I9: =H9 * E9 -> -250 | J9: 46154.656 | K9: Retail sale
A10: TXN-009 | B10: =A10 -> TXN-009 | C10: TOOL-D | D10: =INDEX(Products!B2:B999, MATCH(C10,Products!A2:A999, 0)) -> TOOL-D | E10: =INDEX(Products!C2:C999, MATCH(C10,Products!A2:A999, 0)) -> 99.99 | F10: PURCHASE | G10: =INDEX(TransactionTypes!B2:B999, MATCH(F10,TransactionTypes!A2:A999, 0)) -> PURCHASE | H10: 8 | I10: =H10 * E10 -> 799.92 | J10: 46145.396 | K10: Premium tool restock
A11: TXN-010 | B11: =A11 -> TXN-010 | C11: TOOL-D | D11: =INDEX(Products!B2:B999, MATCH(C11,Products!A2:A999, 0)) -> TOOL-D | E11: =INDEX(Products!C2:C999, MATCH(C11,Products!A2:A999, 0)) -> 99.99 | F11: SALE | G11: =INDEX(TransactionTypes!B2:B999, MATCH(F11,TransactionTypes!A2:A999, 0)) -> SALE | H11: -3 | I11: =H11 * E11 -> -299.97 | J11: 46151.667 | K11: Professional customer order
A12: asdfdsa | B12: =A12 -> asdfdsa | C12: GADGET-B | D12: =INDEX(Products!B2:B999, MATCH(C12,Products!A2:A999, 0)) -> GADGET-B | E12: =INDEX(Products!C2:C999, MATCH(C12,Products!A2:A999, 0)) -> 24.50 | F12: PURCHASE | G12: =INDEX(TransactionTypes!B2:B999, MATCH(F12,TransactionTypes!A2:A999, 0)) -> PURCHASE | H12: 900 | I12: =H12 * E12 -> 22050 | J12: 46165.876

Sheet _original_json
A1: { "$schema": "https://example.com/cmcc-schema/v1", "Name": "Product Inventory Demo", "Description": "Simple inventory system: products with transactions adjusting quantities, low-stock alerts.", "TransactionTypes": { "Description": "Table: TransactionTypes", "schema": [ { "name": "TransactionTypeId", "datatype": "string", "type": "raw", "nullable": false, "Description": "Type identifier (Purchase, Sale, Adjustment)." }, { "name": "Name", "datatype": "string", "type": "calculated", "nullable": false, "Description": "Display name, derived from TransactionTypeId.", "formula": "={{TransactionTypeId}}" }, { "name": "Description", "datatype": "string", "type": "raw", "nullable": true, "Description": "What this transaction type represents." } ], "data": [ { "TransactionTypeId": "PURCHASE", "Description": "Stock received from supplier" }, { "TransactionTypeId": "SALE", "Description": "Stock sold to customer" }, { "TransactionTypeId": "ADJUSTMENT", "Description": "Inventory correction or damage write-off" } ] }, "Products": { "Description": "Table: Products", "schema": [ { "name": "ProductId", "datatype": "string", "type": "raw", "nullable": false, "Description": "Product identifier (SKU or natural key)." }, { "name": "Name", "datatype": "string", "type": "calculated", "nullable": false, "Description": "Display name, derived from ProductId.", "formula": "={{ProductId}}" }, { "name": "UnitPrice", "datatype": "number", "type": "raw", "nullable": false, "Description": "Price per unit in dollars." }, { "name": "ReorderLevel", "datatype": "integer", "type": "raw", "nullable": false, "Description": "Minimum quantity before reorder is recommended." }, { "name": "CurrentQuantity", "datatype": "integer", "type": "aggregation", "nullable": false, "Description": "Running total of all transaction quantities for this product.", "formula": "=SUMIFS(Transactions!{{Quantity}}, Transactions!{{Product}}, {{ProductId}})" }, { "name": "IsLowStock", "datatype": "boolean", "type": "calculated", "nullable": false, "Description": "True if current quantity falls below the reorder level.", "formula": "={{CurrentQuantity}} < {{ReorderLevel}}" }, { "name": "ReorderStatus", "datatype": "string", "type": "calculated", "nullable": false, "Description": "Urgent reorder message if stock is low, otherwise in stock status.", "formula": "=IF({{IsLowStock}}, \"This needs to be reordered IMMEDIATELY!!\", \"In Stock\")" } ], "data": [ { "ProductId": "WIDGET-A", "UnitPrice": "12.99", "ReorderLevel": 50 }, { "ProductId": "GADGET-B", "UnitPrice": "24.50", "ReorderLevel": 30 }, { "ProductId": "PART-C", "UnitPrice": "5.00", "ReorderLevel": 100 }, { "ProductId": "TOOL-D", "UnitPrice": "99.99", "ReorderLevel": 10 } ] }, "Transactions": { "Description": "Table: Transactions", "schema": [ { "name": "TransactionId", "datatype": "string", "type": "raw", "nullable": false, "Description": "Unique transaction identifier." }, { "name": "Name", "datatype": "string", "type": "calculated", "nullable": false, "Description": "Display name, derived from TransactionId.", "formula": "={{TransactionId}}" }, { "name": "Product", "datatype": "string", "type": "relationship", "nullable": false, "RelatedTo": "Products", "Description": "Reference to the product being adjusted." }, { "name": "ProductName", "datatype": "string", "type": "lookup", "nullable": false, "Description": "Product display name via lookup.", "formula": "=INDEX(Products!{{Name}}, MATCH({{Product}}, Products!{{ProductId}}, 0))" }, { "name": "ProductUnitPrice", "datatype": "number", "type": "lookup", "nullable": false, "Description": "Product unit price via lookup, for calculating transaction amount.", "formula": "=INDEX(Products!{{UnitPrice}}, MATCH({{Product}}, Products!{{ProductId}}, 0))" }, { "name": "TransactionType", "datatype": "string", "type": "relationship", "nullable": false, "RelatedTo": "TransactionTypes", "Description": "Type of transaction (Purchase, Sale, Adjustment)." }, { "name": "TransactionTypeName", "datatype": "string", "type": "lookup", "nullable": false, "Description": "Transaction type display name via lookup.", "formula": "=INDEX(TransactionTypes!{{Name}}, MATCH({{TransactionType}}, TransactionTypes!{{TransactionTypeId}}, 0))" }, { "name": "Quantity", "datatype": "integer", "type": "raw", "nullable": false, "Description": "Quantity adjustment (positive for purchases/returns, negative for sales)." }, { "name": "Amount", "datatype": "number", "type": "calculated", "nullable": false, "Description": "Transaction value = Quantity × UnitPrice.", "formula": "={{Quantity}} * {{ProductUnitPrice}}" }, { "name": "TransactionDate", "datatype": "datetime", "type": "raw", "nullable": false, "Description": "When the transaction occurred." }, { "name": "Notes", "datatype": "string", "type": "raw", "nullable": true, "Description": "Optional notes about this transaction." } ], "data": [ { "TransactionId": "TXN-001", "Product": "WIDGET-A", "TransactionType": "PURCHASE", "Quantity": 100, "TransactionDate": "2026-05-01T10:00:00.000Z", "Notes": "Initial stock delivery" }, { "TransactionId": "TXN-002", "Product": "WIDGET-A", "TransactionType": "SALE", "Quantity": -25, "TransactionDate": "2026-05-05T14:30:00.000Z", "Notes": "Bulk order" }, { "TransactionId": "TXN-003", "Product": "WIDGET-A", "TransactionType": "SALE", "Quantity": -30, "TransactionDate": "2026-05-10T09:00:00.000Z", "Notes": "Customer purchase" }, { "TransactionId": "TXN-004", "Product": "GADGET-B", "TransactionType": "PURCHASE", "Quantity": 50, "TransactionDate": "2026-05-02T11:00:00.000Z" }, { "TransactionId": "TXN-005", "Product": "GADGET-B", "TransactionType": "SALE", "Quantity": -35, "TransactionDate": "2026-05-08T13:15:00.000Z", "Notes": "Order fulfillment" }, { "TransactionId": "TXN-006", "Product": "PART-C", "TransactionType": "PURCHASE", "Quantity": 200, "TransactionDate": "2026-05-01T08:00:00.000Z", "Notes": "Bulk purchase from supplier" }, { "TransactionId": "TXN-007", "Product": "PART-C", "TransactionType": "SALE", "Quantity": -80, "TransactionDate": "2026-05-06T10:30:00.000Z" }, { "TransactionId": "TXN-008", "Product": "PART-C", "TransactionType": "SALE", "Quantity": -50, "TransactionDate": "2026-05-12T15:45:00.000Z", "Notes": "Retail sale" }, { "TransactionId": "TXN-009", "Product": "TOOL-D", "TransactionType": "PURCHASE", "Quantity": 8, "TransactionDate": "2026-05-03T09:30:00.000Z", "Notes": "Premium tool restock" }, { "TransactionId": "TXN-010", "Product": "TOOL-D", "TransactionType": "SALE", "Quantity": -3, "TransactionDate": "2026-05-09T16:00:00.000Z", "Notes": "Professional customer order" }, { "TransactionId": "asdfdsa", "Product": "GADGET-B", "TransactionType": "PURCHASE", "Quantity": 900, "TransactionDate": "2026-05-23T21:01:53.127Z" } ] }, "_meta": { "_CMCC_Summary": "Product inventory demo with transaction-based quantity tracking.", "_conversion_metadata": { "tool_version": "effortless-demo-app", "created_date": "2026-05-23", "methodology": "rulebook-first Postgres POC", "entities": 3, "inference_hops": 2 } } }
